"","playerID","G","AB","R","H","X2B","X3B","HR","RBI","SB","CS","BB","SO","IBB","HBP","SH","SF","GIDP","W","L","G.1","GS","CG","SHO","SV","IPouts","H.1","ER","HR.1","BB.1","SO.1","BAOpp","ERA","IBB.1","WP","HBP.1","BK","BFP","GF","R.1","SH.1","SF.1","GIDP.1","POS"
"4","hillaa01",116,313,32,72,18,0,6,39,7,2,31,54,0,1,0,8,9,NA,NA,NA,NA,NA,NA,NA,NA,NA,NA,NA,NA,NA,NA,NA,NA,NA,NA,NA,NA,NA,NA,NA,NA,NA,"2B"
"5","hillaa01",116,313,32,72,18,0,6,39,7,2,31,54,0,1,0,8,9,NA,NA,NA,NA,NA,NA,NA,NA,NA,NA,NA,NA,NA,NA,NA,NA,NA,NA,NA,NA,NA,NA,NA,NA,NA,"3B"
"6","inciaen01",132,524,73,159,27,5,6,45,21,10,26,58,0,4,2,5,8,NA,NA,NA,NA,NA,NA,NA,NA,NA,NA,NA,NA,NA,NA,NA,NA,NA,NA,NA,NA,NA,NA,NA,NA,NA,"OF"
"7","pennicl01",33,75,9,12,3,0,2,11,0,0,11,20,0,1,3,2,2,NA,NA,NA,NA,NA,NA,NA,NA,NA,NA,NA,NA,NA,NA,NA,NA,NA,NA,NA,NA,NA,NA,NA,NA,NA,"2B"
"8","pennicl01",33,75,9,12,3,0,2,11,0,0,11,20,0,1,3,2,2,NA,NA,NA,NA,NA,NA,NA,NA,NA,NA,NA,NA,NA,NA,NA,NA,NA,NA,NA,NA,NA,NA,NA,NA,NA,"2B"
"9","pennicl01",33,75,9,12,3,0,2,11,0,0,11,20,0,1,3,2,2,NA,NA,NA,NA,NA,NA,NA,NA,NA,NA,NA,NA,NA,NA,NA,NA,NA,NA,NA,NA,NA,NA,NA,NA,NA,"3B"
"10","pennicl01",33,75,9,12,3,0,2,11,0,0,11,20,0,1,3,2,2,NA,NA,NA,NA,NA,NA,NA,NA,NA,NA,NA,NA,NA,NA,NA,NA,NA,NA,NA,NA,NA,NA,NA,NA,NA,"3B"
"11","pennicl01",33,75,9,12,3,0,2,11,0,0,11,20,0,1,3,2,2,NA,NA,NA,NA,NA,NA,NA,NA,NA,NA,NA,NA,NA,NA,NA,NA,NA,NA,NA,NA,NA,NA,NA,NA,NA,"OF"
"12","pennicl01",33,75,9,12,3,0,2,11,0,0,11,20,0,1,3,2,2,NA,NA,NA,NA,NA,NA,NA,NA,NA,NA,NA,NA,NA,NA,NA,NA,NA,NA,NA,NA,NA,NA,NA,NA,NA,"OF"
"13","pennicl01",33,75,9,12,3,0,2,11,0,0,11,20,0,1,3,2,2,NA,NA,NA,NA,NA,NA,NA,NA,NA,NA,NA,NA,NA,NA,NA,NA,NA,NA,NA,NA,NA,NA,NA,NA,NA,"SS"
"14","pennicl01",33,75,9,12,3,0,2,11,0,0,11,20,0,1,3,2,2,NA,NA,NA,NA,NA,NA,NA,NA,NA,NA,NA,NA,NA,NA,NA,NA,NA,NA,NA,NA,NA,NA,NA,NA,NA,"SS"
"15","pennicl01",72,135,15,32,3,0,1,10,3,0,16,29,2,0,4,2,4,NA,NA,NA,NA,NA,NA,NA,NA,NA,NA,NA,NA,NA,NA,NA,NA,NA,NA,NA,NA,NA,NA,NA,NA,NA,"2B"
"16","pennicl01",72,135,15,32,3,0,1,10,3,0,16,29,2,0,4,2,4,NA,NA,NA,NA,NA,NA,NA,NA,NA,NA,NA,NA,NA,NA,NA,NA,NA,NA,NA,NA,NA,NA,NA,NA,NA,"2B"
"17","pennicl01",72,135,15,32,3,0,1,10,3,0,16,29,2,0,4,2,4,NA,NA,NA,NA,NA,NA,NA,NA,NA,NA,NA,NA,NA,NA,NA,NA,NA,NA,NA,NA,NA,NA,NA,NA,NA,"3B"
"18","pennicl01",72,135,15,32,3,0,1,10,3,0,16,29,2,0,4,2,4,NA,NA,NA,NA,NA,NA,NA,NA,NA,NA,NA,NA,NA,NA,NA,NA,NA,NA,NA,NA,NA,NA,NA,NA,NA,"3B"
"19","pennicl01",72,135,15,32,3,0,1,10,3,0,16,29,2,0,4,2,4,NA,NA,NA,NA,NA,NA,NA,NA,NA,NA,NA,NA,NA,NA,NA,NA,NA,NA,NA,NA,NA,NA,NA,NA,NA,"OF"
"20","pennicl01",72,135,15,32,3,0,1,10,3,0,16,29,2,0,4,2,4,NA,NA,NA,NA,NA,NA,NA,NA,NA,NA,NA,NA,NA,NA,NA,NA,NA,NA,NA,NA,NA,NA,NA,NA,NA,"OF"
"21","pennicl01",72,135,15,32,3,0,1,10,3,0,16,29,2,0,4,2,4,NA,NA,NA,NA,NA,NA,NA,NA,NA,NA,NA,NA,NA,NA,NA,NA,NA,NA,NA,NA,NA,NA,NA,NA,NA,"SS"
"22","pennicl01",72,135,15,32,3,0,1,10,3,0,16,29,2,0,4,2,4,NA,NA,NA,NA,NA,NA,NA,NA,NA,NA,NA,NA,NA,NA,NA,NA,NA,NA,NA,NA,NA,NA,NA,NA,NA,"SS"
"39","trumbma01",46,174,23,45,10,3,9,23,0,0,10,39,0,0,0,0,4,NA,NA,NA,NA,NA,NA,NA,NA,NA,NA,NA,NA,NA,NA,NA,NA,NA,NA,NA,NA,NA,NA,NA,NA,NA,"1B"
"40","trumbma01",46,174,23,45,10,3,9,23,0,0,10,39,0,0,0,0,4,NA,NA,NA,NA,NA,NA,NA,NA,NA,NA,NA,NA,NA,NA,NA,NA,NA,NA,NA,NA,NA,NA,NA,NA,NA,"1B"
"41","trumbma01",46,174,23,45,10,3,9,23,0,0,10,39,0,0,0,0,4,NA,NA,NA,NA,NA,NA,NA,NA,NA,NA,NA,NA,NA,NA,NA,NA,NA,NA,NA,NA,NA,NA,NA,NA,NA,"OF"
"42","trumbma01",46,174,23,45,10,3,9,23,0,0,10,39,0,0,0,0,4,NA,NA,NA,NA,NA,NA,NA,NA,NA,NA,NA,NA,NA,NA,NA,NA,NA,NA,NA,NA,NA,NA,NA,NA,NA,"OF"
"43","trumbma01",96,334,39,88,13,0,13,41,0,0,26,93,1,0,0,1,8,NA,NA,NA,NA,NA,NA,NA,NA,NA,NA,NA,NA,NA,NA,NA,NA,NA,NA,NA,NA,NA,NA,NA,NA,NA,"1B"
"44","trumbma01",96,334,39,88,13,0,13,41,0,0,26,93,1,0,0,1,8,NA,NA,NA,NA,NA,NA,NA,NA,NA,NA,NA,NA,NA,NA,NA,NA,NA,NA,NA,NA,NA,NA,NA,NA,NA,"1B"
"45","trumbma01",96,334,39,88,13,0,13,41,0,0,26,93,1,0,0,1,8,NA,NA,NA,NA,NA,NA,NA,NA,NA,NA,NA,NA,NA,NA,NA,NA,NA,NA,NA,NA,NA,NA,NA,NA,NA,"OF"
"46","trumbma01",96,334,39,88,13,0,13,41,0,0,26,93,1,0,0,1,8,NA,NA,NA,NA,NA,NA,NA,NA,NA,NA,NA,NA,NA,NA,NA,NA,NA,NA,NA,NA,NA,NA,NA,NA,NA,"OF"
"47","bethach01",48,155,16,31,8,0,2,12,1,1,5,33,1,0,0,0,7,NA,NA,NA,NA,NA,NA,NA,NA,NA,NA,NA,NA,NA,NA,NA,NA,NA,NA,NA,NA,NA,NA,NA,NA,NA,"C"
"56","gosseph01",20,40,2,13,4,0,0,2,2,0,2,5,0,0,0,0,0,NA,NA,NA,NA,NA,NA,NA,NA,NA,NA,NA,NA,NA,NA,NA,NA,NA,NA,NA,NA,NA,NA,NA,NA,NA,"2B"
"57","gosseph01",20,40,2,13,4,0,0,2,2,0,2,5,0,0,0,0,0,NA,NA,NA,NA,NA,NA,NA,NA,NA,NA,NA,NA,NA,NA,NA,NA,NA,NA,NA,NA,NA,NA,NA,NA,NA,"2B"
"58","gosseph01",20,40,2,13,4,0,0,2,2,0,2,5,0,0,0,0,0,NA,NA,NA,NA,NA,NA,NA,NA,NA,NA,NA,NA,NA,NA,NA,NA,NA,NA,NA,NA,NA,NA,NA,NA,NA,"3B"
"59","gosseph01",20,40,2,13,4,0,0,2,2,0,2,5,0,0,0,0,0,NA,NA,NA,NA,NA,NA,NA,NA,NA,NA,NA,NA,NA,NA,NA,NA,NA,NA,NA,NA,NA,NA,NA,NA,NA,"3B"
"60","gosseph01",20,40,2,13,4,0,0,2,2,0,2,5,0,0,0,0,0,NA,NA,NA,NA,NA,NA,NA,NA,NA,NA,NA,NA,NA,NA,NA,NA,NA,NA,NA,NA,NA,NA,NA,NA,NA,"OF"
"61","gosseph01",24,66,17,20,5,1,3,13,0,1,7,11,0,2,0,1,2,NA,NA,NA,NA,NA,NA,NA,NA,NA,NA,NA,NA,NA,NA,NA,NA,NA,NA,NA,NA,NA,NA,NA,NA,NA,"2B"
"62","gosseph01",24,66,17,20,5,1,3,13,0,1,7,11,0,2,0,1,2,NA,NA,NA,NA,NA,NA,NA,NA,NA,NA,NA,NA,NA,NA,NA,NA,NA,NA,NA,NA,NA,NA,NA,NA,NA,"2B"
"63","gosseph01",24,66,17,20,5,1,3,13,0,1,7,11,0,2,0,1,2,NA,NA,NA,NA,NA,NA,NA,NA,NA,NA,NA,NA,NA,NA,NA,NA,NA,NA,NA,NA,NA,NA,NA,NA,NA,"3B"
"64","gosseph01",24,66,17,20,5,1,3,13,0,1,7,11,0,2,0,1,2,NA,NA,NA,NA,NA,NA,NA,NA,NA,NA,NA,NA,NA,NA,NA,NA,NA,NA,NA,NA,NA,NA,NA,NA,NA,"3B"
"65","gosseph01",24,66,17,20,5,1,3,13,0,1,7,11,0,2,0,1,2,NA,NA,NA,NA,NA,NA,NA,NA,NA,NA,NA,NA,NA,NA,NA,NA,NA,NA,NA,NA,NA,NA,NA,NA,NA,"OF"
"66","johnsch05",27,90,6,26,4,0,1,7,0,0,3,25,0,0,0,0,2,NA,NA,NA,NA,NA,NA,NA,NA,NA,NA,NA,NA,NA,NA,NA,NA,NA,NA,NA,NA,NA,NA,NA,NA,NA,"1B"
"67","johnsch05",27,90,6,26,4,0,1,7,0,0,3,25,0,0,0,0,2,NA,NA,NA,NA,NA,NA,NA,NA,NA,NA,NA,NA,NA,NA,NA,NA,NA,NA,NA,NA,NA,NA,NA,NA,NA,"1B"
"68","johnsch05",27,90,6,26,4,0,1,7,0,0,3,25,0,0,0,0,2,NA,NA,NA,NA,NA,NA,NA,NA,NA,NA,NA,NA,NA,NA,NA,NA,NA,NA,NA,NA,NA,NA,NA,NA,NA,"3B"
"69","johnsch05",27,90,6,26,4,0,1,7,0,0,3,25,0,0,0,0,2,NA,NA,NA,NA,NA,NA,NA,NA,NA,NA,NA,NA,NA,NA,NA,NA,NA,NA,NA,NA,NA,NA,NA,NA,NA,"3B"
"70","johnsch05",56,153,12,36,7,0,2,11,2,1,7,49,0,1,0,1,3,NA,NA,NA,NA,NA,NA,NA,NA,NA,NA,NA,NA,NA,NA,NA,NA,NA,NA,NA,NA,NA,NA,NA,NA,NA,"1B"
"71","johnsch05",56,153,12,36,7,0,2,11,2,1,7,49,0,1,0,1,3,NA,NA,NA,NA,NA,NA,NA,NA,NA,NA,NA,NA,NA,NA,NA,NA,NA,NA,NA,NA,NA,NA,NA,NA,NA,"1B"
"72","johnsch05",56,153,12,36,7,0,2,11,2,1,7,49,0,1,0,1,3,NA,NA,NA,NA,NA,NA,NA,NA,NA,NA,NA,NA,NA,NA,NA,NA,NA,NA,NA,NA,NA,NA,NA,NA,NA,"3B"
"73","johnsch05",56,153,12,36,7,0,2,11,2,1,7,49,0,1,0,1,3,NA,NA,NA,NA,NA,NA,NA,NA,NA,NA,NA,NA,NA,NA,NA,NA,NA,NA,NA,NA,NA,NA,NA,NA,NA,"3B"
"74","maybica01",141,505,65,135,18,2,10,59,23,6,45,102,1,1,1,3,16,NA,NA,NA,NA,NA,NA,NA,NA,NA,NA,NA,NA,NA,NA,NA,NA,NA,NA,NA,NA,NA,NA,NA,NA,NA,"OF"
"76","simmoan01",147,535,60,142,23,2,4,44,5,3,39,48,6,6,1,2,19,NA,NA,NA,NA,NA,NA,NA,NA,NA,NA,NA,NA,NA,NA,NA,NA,NA,NA,NA,NA,NA,NA,NA,NA,NA,"SS"
"86","clevest01",30,101,11,29,4,2,2,15,0,0,4,13,1,0,0,0,3,NA,NA,NA,NA,NA,NA,NA,NA,NA,NA,NA,NA,NA,NA,NA,NA,NA,NA,NA,NA,NA,NA,NA,NA,NA,"1B"
"87","clevest01",30,101,11,29,4,2,2,15,0,0,4,13,1,0,0,0,3,NA,NA,NA,NA,NA,NA,NA,NA,NA,NA,NA,NA,NA,NA,NA,NA,NA,NA,NA,NA,NA,NA,NA,NA,NA,"C"
"88","deazaal01",24,61,12,16,4,1,0,3,2,2,12,14,0,1,0,1,3,NA,NA,NA,NA,NA,NA,NA,NA,NA,NA,NA,NA,NA,NA,NA,NA,NA,NA,NA,NA,NA,NA,NA,NA,NA,"OF"
"89","deazaal01",24,61,12,16,4,1,0,3,2,2,12,14,0,1,0,1,3,NA,NA,NA,NA,NA,NA,NA,NA,NA,NA,NA,NA,NA,NA,NA,NA,NA,NA,NA,NA,NA,NA,NA,NA,NA,"OF"
"90","deazaal01",24,61,12,16,4,1,0,3,2,2,12,14,0,1,0,1,3,NA,NA,NA,NA,NA,NA,NA,NA,NA,NA,NA,NA,NA,NA,NA,NA,NA,NA,NA,NA,NA,NA,NA,NA,NA,"OF"
"91","deazaal01",30,103,16,22,4,1,3,7,2,2,7,34,2,2,0,0,1,NA,NA,NA,NA,NA,NA,NA,NA,NA,NA,NA,NA,NA,NA,NA,NA,NA,NA,NA,NA,NA,NA,NA,NA,NA,"OF"
"92","deazaal01",30,103,16,22,4,1,3,7,2,2,7,34,2,2,0,0,1,NA,NA,NA,NA,NA,NA,NA,NA,NA,NA,NA,NA,NA,NA,NA,NA,NA,NA,NA,NA,NA,NA,NA,NA,NA,"OF"
"93","deazaal01",30,103,16,22,4,1,3,7,2,2,7,34,2,2,0,0,1,NA,NA,NA,NA,NA,NA,NA,NA,NA,NA,NA,NA,NA,NA,NA,NA,NA,NA,NA,NA,NA,NA,NA,NA,NA,"OF"
"94","deazaal01",60,161,23,47,9,5,4,25,3,1,12,36,1,2,2,1,2,NA,NA,NA,NA,NA,NA,NA,NA,NA,NA,NA,NA,NA,NA,NA,NA,NA,NA,NA,NA,NA,NA,NA,NA,NA,"OF"
"95","deazaal01",60,161,23,47,9,5,4,25,3,1,12,36,1,2,2,1,2,NA,NA,NA,NA,NA,NA,NA,NA,NA,NA,NA,NA,NA,NA,NA,NA,NA,NA,NA,NA,NA,NA,NA,NA,NA,"OF"
"96","deazaal01",60,161,23,47,9,5,4,25,3,1,12,36,1,2,2,1,2,NA,NA,NA,NA,NA,NA,NA,NA,NA,NA,NA,NA,NA,NA,NA,NA,NA,NA,NA,NA,NA,NA,NA,NA,NA,"OF"
"113","pearcst01",92,294,42,64,13,1,15,40,1,1,23,69,1,7,0,1,11,NA,NA,NA,NA,NA,NA,NA,NA,NA,NA,NA,NA,NA,NA,NA,NA,NA,NA,NA,NA,NA,NA,NA,NA,NA,"1B"
"114","pearcst01",92,294,42,64,13,1,15,40,1,1,23,69,1,7,0,1,11,NA,NA,NA,NA,NA,NA,NA,NA,NA,NA,NA,NA,NA,NA,NA,NA,NA,NA,NA,NA,NA,NA,NA,NA,NA,"2B"
"115","pearcst01",92,294,42,64,13,1,15,40,1,1,23,69,1,7,0,1,11,NA,NA,NA,NA,NA,NA,NA,NA,NA,NA,NA,NA,NA,NA,NA,NA,NA,NA,NA,NA,NA,NA,NA,NA,NA,"OF"
"118","napolmi01",35,78,9,23,2,0,5,10,0,2,12,19,1,1,0,0,1,NA,NA,NA,NA,NA,NA,NA,NA,NA,NA,NA,NA,NA,NA,NA,NA,NA,NA,NA,NA,NA,NA,NA,NA,NA,"1B"
"119","napolmi01",35,78,9,23,2,0,5,10,0,2,12,19,1,1,0,0,1,NA,NA,NA,NA,NA,NA,NA,NA,NA,NA,NA,NA,NA,NA,NA,NA,NA,NA,NA,NA,NA,NA,NA,NA,NA,"1B"
"120","napolmi01",35,78,9,23,2,0,5,10,0,2,12,19,1,1,0,0,1,NA,NA,NA,NA,NA,NA,NA,NA,NA,NA,NA,NA,NA,NA,NA,NA,NA,NA,NA,NA,NA,NA,NA,NA,NA,"OF"
"121","napolmi01",98,329,37,68,18,1,13,40,3,1,45,99,2,3,0,1,10,NA,NA,NA,NA,NA,NA,NA,NA,NA,NA,NA,NA,NA,NA,NA,NA,NA,NA,NA,NA,NA,NA,NA,NA,NA,"1B"
"122","napolmi01",98,329,37,68,18,1,13,40,3,1,45,99,2,3,0,1,10,NA,NA,NA,NA,NA,NA,NA,NA,NA,NA,NA,NA,NA,NA,NA,NA,NA,NA,NA,NA,NA,NA,NA,NA,NA,"1B"
"123","napolmi01",98,329,37,68,18,1,13,40,3,1,45,99,2,3,0,1,10,NA,NA,NA,NA,NA,NA,NA,NA,NA,NA,NA,NA,NA,NA,NA,NA,NA,NA,NA,NA,NA,NA,NA,NA,NA,"OF"
"124","navada01",29,66,6,10,2,0,0,7,0,0,8,17,0,2,1,1,3,NA,NA,NA,NA,NA,NA,NA,NA,NA,NA,NA,NA,NA,NA,NA,NA,NA,NA,NA,NA,NA,NA,NA,NA,NA,"1B"
"125","navada01",29,66,6,10,2,0,0,7,0,0,8,17,0,2,1,1,3,NA,NA,NA,NA,NA,NA,NA,NA,NA,NA,NA,NA,NA,NA,NA,NA,NA,NA,NA,NA,NA,NA,NA,NA,NA,"1B"
"126","navada01",29,66,6,10,2,0,0,7,0,0,8,17,0,2,1,1,3,NA,NA,NA,NA,NA,NA,NA,NA,NA,NA,NA,NA,NA,NA,NA,NA,NA,NA,NA,NA,NA,NA,NA,NA,NA,"OF"
"127","navada01",29,66,6,10,2,0,0,7,0,0,8,17,0,2,1,1,3,NA,NA,NA,NA,NA,NA,NA,NA,NA,NA,NA,NA,NA,NA,NA,NA,NA,NA,NA,NA,NA,NA,NA,NA,NA,"OF"
"128","navada01",31,73,7,17,2,0,1,3,1,0,12,19,0,3,0,0,1,NA,NA,NA,NA,NA,NA,NA,NA,NA,NA,NA,NA,NA,NA,NA,NA,NA,NA,NA,NA,NA,NA,NA,NA,NA,"1B"
"129","navada01",31,73,7,17,2,0,1,3,1,0,12,19,0,3,0,0,1,NA,NA,NA,NA,NA,NA,NA,NA,NA,NA,NA,NA,NA,NA,NA,NA,NA,NA,NA,NA,NA,NA,NA,NA,NA,"1B"
"130","navada01",31,73,7,17,2,0,1,3,1,0,12,19,0,3,0,0,1,NA,NA,NA,NA,NA,NA,NA,NA,NA,NA,NA,NA,NA,NA,NA,NA,NA,NA,NA,NA,NA,NA,NA,NA,NA,"OF"
"131","navada01",31,73,7,17,2,0,1,3,1,0,12,19,0,3,0,0,1,NA,NA,NA,NA,NA,NA,NA,NA,NA,NA,NA,NA,NA,NA,NA,NA,NA,NA,NA,NA,NA,NA,NA,NA,NA,"OF"
"133","beckhgo01",100,211,24,44,8,0,6,20,0,1,19,43,1,2,1,4,6,NA,NA,NA,NA,NA,NA,NA,NA,NA,NA,NA,NA,NA,NA,NA,NA,NA,NA,NA,NA,NA,NA,NA,NA,NA,"2B"
"134","beckhgo01",100,211,24,44,8,0,6,20,0,1,19,43,1,2,1,4,6,NA,NA,NA,NA,NA,NA,NA,NA,NA,NA,NA,NA,NA,NA,NA,NA,NA,NA,NA,NA,NA,NA,NA,NA,NA,"3B"
"135","beckhgo01",100,211,24,44,8,0,6,20,0,1,19,43,1,2,1,4,6,NA,NA,NA,NA,NA,NA,NA,NA,NA,NA,NA,NA,NA,NA,NA,NA,NA,NA,NA,NA,NA,NA,NA,NA,NA,"SS"
"136","flowety01",112,331,21,79,12,0,9,39,0,1,21,104,0,6,2,1,8,NA,NA,NA,NA,NA,NA,NA,NA,NA,NA,NA,NA,NA,NA,NA,NA,NA,NA,NA,NA,NA,NA,NA,NA,NA,"1B"
"137","flowety01",112,331,21,79,12,0,9,39,0,1,21,104,0,6,2,1,8,NA,NA,NA,NA,NA,NA,NA,NA,NA,NA,NA,NA,NA,NA,NA,NA,NA,NA,NA,NA,NA,NA,NA,NA,NA,"C"
"141","sotoge01",78,187,20,41,8,0,9,21,0,1,21,63,0,1,1,0,2,NA,NA,NA,NA,NA,NA,NA,NA,NA,NA,NA,NA,NA,NA,NA,NA,NA,NA,NA,NA,NA,NA,NA,NA,NA,"C"
"142","castiwe01",6,25,3,4,0,0,0,2,0,0,1,5,0,0,0,2,2,NA,NA,NA,NA,NA,NA,NA,NA,NA,NA,NA,NA,NA,NA,NA,NA,NA,NA,NA,NA,NA,NA,NA,NA,NA,"C"
"143","castiwe01",6,25,3,4,0,0,0,2,0,0,1,5,0,0,0,2,2,NA,NA,NA,NA,NA,NA,NA,NA,NA,NA,NA,NA,NA,NA,NA,NA,NA,NA,NA,NA,NA,NA,NA,NA,NA,"C"
"144","castiwe01",6,25,3,4,0,0,0,2,0,0,1,5,0,0,0,2,2,NA,NA,NA,NA,NA,NA,NA,NA,NA,NA,NA,NA,NA,NA,NA,NA,NA,NA,NA,NA,NA,NA,NA,NA,NA,"C"
"145","castiwe01",24,43,5,7,2,0,2,5,0,0,3,12,1,1,0,0,0,NA,NA,NA,NA,NA,NA,NA,NA,NA,NA,NA,NA,NA,NA,NA,NA,NA,NA,NA,NA,NA,NA,NA,NA,NA,"C"
"146","castiwe01",24,43,5,7,2,0,2,5,0,0,3,12,1,1,0,0,0,NA,NA,NA,NA,NA,NA,NA,NA,NA,NA,NA,NA,NA,NA,NA,NA,NA,NA,NA,NA,NA,NA,NA,NA,NA,"C"
"147","castiwe01",24,43,5,7,2,0,2,5,0,0,3,12,1,1,0,0,0,NA,NA,NA,NA,NA,NA,NA,NA,NA,NA,NA,NA,NA,NA,NA,NA,NA,NA,NA,NA,NA,NA,NA,NA,NA,"C"
"148","castiwe01",80,274,34,70,13,1,17,50,0,0,21,75,0,5,0,3,10,NA,NA,NA,NA,NA,NA,NA,NA,NA,NA,NA,NA,NA,NA,NA,NA,NA,NA,NA,NA,NA,NA,NA,NA,NA,"C"
"149","castiwe01",80,274,34,70,13,1,17,50,0,0,21,75,0,5,0,3,10,NA,NA,NA,NA,NA,NA,NA,NA,NA,NA,NA,NA,NA,NA,NA,NA,NA,NA,NA,NA,NA,NA,NA,NA,NA,"C"
"150","castiwe01",80,274,34,70,13,1,17,50,0,0,21,75,0,5,0,3,10,NA,NA,NA,NA,NA,NA,NA,NA,NA,NA,NA,NA,NA,NA,NA,NA,NA,NA,NA,NA,NA,NA,NA,NA,NA,"C"
"151","castrst01",151,547,52,145,23,2,11,69,5,5,21,91,6,5,1,4,18,NA,NA,NA,NA,NA,NA,NA,NA,NA,NA,NA,NA,NA,NA,NA,NA,NA,NA,NA,NA,NA,NA,NA,NA,NA,"2B"
"152","castrst01",151,547,52,145,23,2,11,69,5,5,21,91,6,5,1,4,18,NA,NA,NA,NA,NA,NA,NA,NA,NA,NA,NA,NA,NA,NA,NA,NA,NA,NA,NA,NA,NA,NA,NA,NA,NA,"SS"
"153","coghlch01",148,440,64,110,25,6,16,41,11,2,58,94,6,3,1,1,8,NA,NA,NA,NA,NA,NA,NA,NA,NA,NA,NA,NA,NA,NA,NA,NA,NA,NA,NA,NA,NA,NA,NA,NA,NA,"1B"
"154","coghlch01",148,440,64,110,25,6,16,41,11,2,58,94,6,3,1,1,8,NA,NA,NA,NA,NA,NA,NA,NA,NA,NA,NA,NA,NA,NA,NA,NA,NA,NA,NA,NA,NA,NA,NA,NA,NA,"2B"
"155","coghlch01",148,440,64,110,25,6,16,41,11,2,58,94,6,3,1,1,8,NA,NA,NA,NA,NA,NA,NA,NA,NA,NA,NA,NA,NA,NA,NA,NA,NA,NA,NA,NA,NA,NA,NA,NA,NA,"3B"
"156","coghlch01",148,440,64,110,25,6,16,41,11,2,58,94,6,3,1,1,8,NA,NA,NA,NA,NA,NA,NA,NA,NA,NA,NA,NA,NA,NA,NA,NA,NA,NA,NA,NA,NA,NA,NA,NA,NA,"OF"
"166","byrdma01",39,147,12,40,12,2,4,31,0,0,6,44,1,1,0,2,4,NA,NA,NA,NA,NA,NA,NA,NA,NA,NA,NA,NA,NA,NA,NA,NA,NA,NA,NA,NA,NA,NA,NA,NA,NA,"OF"
"167","byrdma01",39,147,12,40,12,2,4,31,0,0,6,44,1,1,0,2,4,NA,NA,NA,NA,NA,NA,NA,NA,NA,NA,NA,NA,NA,NA,NA,NA,NA,NA,NA,NA,NA,NA,NA,NA,NA,"OF"
"168","byrdma01",96,359,46,85,13,3,19,42,2,1,23,101,1,3,0,3,6,NA,NA,NA,NA,NA,NA,NA,NA,NA,NA,NA,NA,NA,NA,NA,NA,NA,NA,NA,NA,NA,NA,NA,NA,NA,"OF"
"169","byrdma01",96,359,46,85,13,3,19,42,2,1,23,101,1,3,0,3,6,NA,NA,NA,NA,NA,NA,NA,NA,NA,NA,NA,NA,NA,NA,NA,NA,NA,NA,NA,NA,NA,NA,NA,NA,NA,"OF"
"179","frazito01",157,619,82,158,43,1,35,89,13,8,44,137,3,7,1,7,19,NA,NA,NA,NA,NA,NA,NA,NA,NA,NA,NA,NA,NA,NA,NA,NA,NA,NA,NA,NA,NA,NA,NA,NA,NA,"3B"
"188","penabr01",108,333,17,91,17,0,0,18,2,0,29,34,1,2,2,1,10,NA,NA,NA,NA,NA,NA,NA,NA,NA,NA,NA,NA,NA,NA,NA,NA,NA,NA,NA,NA,NA,NA,NA,NA,NA,"1B"
"189","penabr01",108,333,17,91,17,0,0,18,2,0,29,34,1,2,2,1,10,NA,NA,NA,NA,NA,NA,NA,NA,NA,NA,NA,NA,NA,NA,NA,NA,NA,NA,NA,NA,NA,NA,NA,NA,NA,"C"
"190","avilemi01",98,290,37,67,10,0,5,17,3,1,20,38,0,1,5,1,18,NA,NA,NA,NA,NA,NA,NA,NA,NA,NA,NA,NA,NA,NA,NA,NA,NA,NA,NA,NA,NA,NA,NA,NA,NA,"2B"
"191","avilemi01",98,290,37,67,10,0,5,17,3,1,20,38,0,1,5,1,18,NA,NA,NA,NA,NA,NA,NA,NA,NA,NA,NA,NA,NA,NA,NA,NA,NA,NA,NA,NA,NA,NA,NA,NA,NA,"3B"
"192","avilemi01",98,290,37,67,10,0,5,17,3,1,20,38,0,1,5,1,18,NA,NA,NA,NA,NA,NA,NA,NA,NA,NA,NA,NA,NA,NA,NA,NA,NA,NA,NA,NA,NA,NA,NA,NA,NA,"OF"
"193","avilemi01",98,290,37,67,10,0,5,17,3,1,20,38,0,1,5,1,18,NA,NA,NA,NA,NA,NA,NA,NA,NA,NA,NA,NA,NA,NA,NA,NA,NA,NA,NA,NA,NA,NA,NA,NA,NA,"SS"
"195","mossbr01",51,132,11,33,7,1,4,8,0,1,17,42,2,2,0,0,3,NA,NA,NA,NA,NA,NA,NA,NA,NA,NA,NA,NA,NA,NA,NA,NA,NA,NA,NA,NA,NA,NA,NA,NA,NA,"1B"
"196","mossbr01",51,132,11,33,7,1,4,8,0,1,17,42,2,2,0,0,3,NA,NA,NA,NA,NA,NA,NA,NA,NA,NA,NA,NA,NA,NA,NA,NA,NA,NA,NA,NA,NA,NA,NA,NA,NA,"1B"
"197","mossbr01",51,132,11,33,7,1,4,8,0,1,17,42,2,2,0,0,3,NA,NA,NA,NA,NA,NA,NA,NA,NA,NA,NA,NA,NA,NA,NA,NA,NA,NA,NA,NA,NA,NA,NA,NA,NA,"OF"
"198","mossbr01",51,132,11,33,7,1,4,8,0,1,17,42,2,2,0,0,3,NA,NA,NA,NA,NA,NA,NA,NA,NA,NA,NA,NA,NA,NA,NA,NA,NA,NA,NA,NA,NA,NA,NA,NA,NA,"OF"
"199","mossbr01",94,337,36,73,17,1,15,50,0,0,32,106,2,3,0,3,9,NA,NA,NA,NA,NA,NA,NA,NA,NA,NA,NA,NA,NA,NA,NA,NA,NA,NA,NA,NA,NA,NA,NA,NA,NA,"1B"
"200","mossbr01",94,337,36,73,17,1,15,50,0,0,32,106,2,3,0,3,9,NA,NA,NA,NA,NA,NA,NA,NA,NA,NA,NA,NA,NA,NA,NA,NA,NA,NA,NA,NA,NA,NA,NA,NA,NA,"1B"
"201","mossbr01",94,337,36,73,17,1,15,50,0,0,32,106,2,3,0,3,9,NA,NA,NA,NA,NA,NA,NA,NA,NA,NA,NA,NA,NA,NA,NA,NA,NA,NA,NA,NA,NA,NA,NA,NA,NA,"OF"
"202","mossbr01",94,337,36,73,17,1,15,50,0,0,32,106,2,3,0,3,9,NA,NA,NA,NA,NA,NA,NA,NA,NA,NA,NA,NA,NA,NA,NA,NA,NA,NA,NA,NA,NA,NA,NA,NA,NA,"OF"
"214","dickeco01",65,224,30,68,18,2,10,31,0,1,10,56,0,0,0,0,3,NA,NA,NA,NA,NA,NA,NA,NA,NA,NA,NA,NA,NA,NA,NA,NA,NA,NA,NA,NA,NA,NA,NA,NA,NA,"OF"
"216","stubbdr01",27,21,6,2,1,0,0,0,3,0,5,10,0,0,0,0,0,NA,NA,NA,NA,NA,NA,NA,NA,NA,NA,NA,NA,NA,NA,NA,NA,NA,NA,NA,NA,NA,NA,NA,NA,NA,"OF"
"217","stubbdr01",27,21,6,2,1,0,0,0,3,0,5,10,0,0,0,0,0,NA,NA,NA,NA,NA,NA,NA,NA,NA,NA,NA,NA,NA,NA,NA,NA,NA,NA,NA,NA,NA,NA,NA,NA,NA,"OF"
"218","stubbdr01",51,102,14,22,3,2,5,10,2,1,9,50,1,1,2,0,1,NA,NA,NA,NA,NA,NA,NA,NA,NA,NA,NA,NA,NA,NA,NA,NA,NA,NA,NA,NA,NA,NA,NA,NA,NA,"OF"
"219","stubbdr01",51,102,14,22,3,2,5,10,2,1,9,50,1,1,2,0,1,NA,NA,NA,NA,NA,NA,NA,NA,NA,NA,NA,NA,NA,NA,NA,NA,NA,NA,NA,NA,NA,NA,NA,NA,NA,"OF"
"220","tulowtr01",41,163,31,39,8,0,5,17,1,0,14,42,1,5,0,1,4,NA,NA,NA,NA,NA,NA,NA,NA,NA,NA,NA,NA,NA,NA,NA,NA,NA,NA,NA,NA,NA,NA,NA,NA,NA,"SS"
"221","tulowtr01",41,163,31,39,8,0,5,17,1,0,14,42,1,5,0,1,4,NA,NA,NA,NA,NA,NA,NA,NA,NA,NA,NA,NA,NA,NA,NA,NA,NA,NA,NA,NA,NA,NA,NA,NA,NA,"SS"
"222","tulowtr01",87,323,46,97,19,0,12,53,0,0,24,72,4,1,0,3,13,NA,NA,NA,NA,NA,NA,NA,NA,NA,NA,NA,NA,NA,NA,NA,NA,NA,NA,NA,NA,NA,NA,NA,NA,NA,"SS"
"223","tulowtr01",87,323,46,97,19,0,12,53,0,0,24,72,4,1,0,3,13,NA,NA,NA,NA,NA,NA,NA,NA,NA,NA,NA,NA,NA,NA,NA,NA,NA,NA,NA,NA,NA,NA,NA,NA,NA,"SS"
"224","avilaal01",67,178,21,34,5,0,4,13,0,1,40,66,0,0,1,0,4,NA,NA,NA,NA,NA,NA,NA,NA,NA,NA,NA,NA,NA,NA,NA,NA,NA,NA,NA,NA,NA,NA,NA,NA,NA,"1B"
"225","avilaal01",67,178,21,34,5,0,4,13,0,1,40,66,0,0,1,0,4,NA,NA,NA,NA,NA,NA,NA,NA,NA,NA,NA,NA,NA,NA,NA,NA,NA,NA,NA,NA,NA,NA,NA,NA,NA,"C"
"226","cespeyo01",57,230,39,66,14,4,17,44,4,1,14,54,3,4,0,1,5,NA,NA,NA,NA,NA,NA,NA,NA,NA,NA,NA,NA,NA,NA,NA,NA,NA,NA,NA,NA,NA,NA,NA,NA,NA,"OF"
"227","cespeyo01",57,230,39,66,14,4,17,44,4,1,14,54,3,4,0,1,5,NA,NA,NA,NA,NA,NA,NA,NA,NA,NA,NA,NA,NA,NA,NA,NA,NA,NA,NA,NA,NA,NA,NA,NA,NA,"OF"
"228","cespeyo01",102,403,62,118,28,2,18,61,3,4,19,87,2,1,0,4,9,NA,NA,NA,NA,NA,NA,NA,NA,NA,NA,NA,NA,NA,NA,NA,NA,NA,NA,NA,NA,NA,NA,NA,NA,NA,"OF"
"229","cespeyo01",102,403,62,118,28,2,18,61,3,4,19,87,2,1,0,4,9,NA,NA,NA,NA,NA,NA,NA,NA,NA,NA,NA,NA,NA,NA,NA,NA,NA,NA,NA,NA,NA,NA,NA,NA,NA,"OF"
"230","davisra01",112,341,55,88,16,11,8,30,18,8,22,76,0,3,1,3,5,NA,NA,NA,NA,NA,NA,NA,NA,NA,NA,NA,NA,NA,NA,NA,NA,NA,NA,NA,NA,NA,NA,NA,NA,NA,"OF"
"248","cartech02",129,391,50,78,17,0,24,64,1,2,57,151,1,6,0,5,5,NA,NA,NA,NA,NA,NA,NA,NA,NA,NA,NA,NA,NA,NA,NA,NA,NA,NA,NA,NA,NA,NA,NA,NA,NA,"1B"
"249","congeha01",73,201,25,46,11,0,11,33,0,1,23,63,0,2,1,2,6,NA,NA,NA,NA,NA,NA,NA,NA,NA,NA,NA,NA,NA,NA,NA,NA,NA,NA,NA,NA,NA,NA,NA,NA,NA,"C"
"250","congeha01",73,201,25,46,11,0,11,33,0,1,23,63,0,2,1,2,6,NA,NA,NA,NA,NA,NA,NA,NA,NA,NA,NA,NA,NA,NA,NA,NA,NA,NA,NA,NA,NA,NA,NA,NA,NA,"OF"
"251","lowrije01",69,230,35,51,14,0,9,30,1,0,28,43,5,3,0,2,3,NA,NA,NA,NA,NA,NA,NA,NA,NA,NA,NA,NA,NA,NA,NA,NA,NA,NA,NA,NA,NA,NA,NA,NA,NA,"3B"
"252","lowrije01",69,230,35,51,14,0,9,30,1,0,28,43,5,3,0,2,3,NA,NA,NA,NA,NA,NA,NA,NA,NA,NA,NA,NA,NA,NA,NA,NA,NA,NA,NA,NA,NA,NA,NA,NA,NA,"SS"
"256","kratzer01",4,4,0,0,0,0,0,1,0,0,0,2,0,0,0,1,0,NA,NA,NA,NA,NA,NA,NA,NA,NA,NA,NA,NA,NA,NA,NA,NA,NA,NA,NA,NA,NA,NA,NA,NA,NA,"1B"
"257","kratzer01",4,4,0,0,0,0,0,1,0,0,0,2,0,0,0,1,0,NA,NA,NA,NA,NA,NA,NA,NA,NA,NA,NA,NA,NA,NA,NA,NA,NA,NA,NA,NA,NA,NA,NA,NA,NA,"C"
"258","kratzer01",4,4,0,0,0,0,0,1,0,0,0,2,0,0,0,1,0,NA,NA,NA,NA,NA,NA,NA,NA,NA,NA,NA,NA,NA,NA,NA,NA,NA,NA,NA,NA,NA,NA,NA,NA,NA,"C"
"259","kratzer01",12,22,3,5,2,0,0,2,0,0,1,3,0,0,0,0,0,NA,NA,NA,NA,NA,NA,NA,NA,NA,NA,NA,NA,NA,NA,NA,NA,NA,NA,NA,NA,NA,NA,NA,NA,NA,"1B"
"260","kratzer01",12,22,3,5,2,0,0,2,0,0,1,3,0,0,0,0,0,NA,NA,NA,NA,NA,NA,NA,NA,NA,NA,NA,NA,NA,NA,NA,NA,NA,NA,NA,NA,NA,NA,NA,NA,NA,"C"
"261","kratzer01",12,22,3,5,2,0,0,2,0,0,1,3,0,0,0,0,0,NA,NA,NA,NA,NA,NA,NA,NA,NA,NA,NA,NA,NA,NA,NA,NA,NA,NA,NA,NA,NA,NA,NA,NA,NA,"C"
"264","aybarer01",156,597,74,161,30,1,3,44,15,6,25,73,1,4,7,5,12,NA,NA,NA,NA,NA,NA,NA,NA,NA,NA,NA,NA,NA,NA,NA,NA,NA,NA,NA,NA,NA,NA,NA,NA,NA,"SS"
"265","buterdr01",10,21,3,4,0,0,0,0,0,1,0,2,0,0,0,0,0,NA,NA,NA,NA,NA,NA,NA,NA,NA,NA,NA,NA,NA,NA,NA,NA,NA,NA,NA,NA,NA,NA,NA,NA,NA,"1B"
"266","buterdr01",10,21,3,4,0,0,0,0,0,1,0,2,0,0,0,0,0,NA,NA,NA,NA,NA,NA,NA,NA,NA,NA,NA,NA,NA,NA,NA,NA,NA,NA,NA,NA,NA,NA,NA,NA,NA,"1B"
"267","buterdr01",10,21,3,4,0,0,0,0,0,1,0,2,0,0,0,0,0,NA,NA,NA,NA,NA,NA,NA,NA,NA,NA,NA,NA,NA,NA,NA,NA,NA,NA,NA,NA,NA,NA,NA,NA,NA,"C"
"268","buterdr01",10,21,3,4,0,0,0,0,0,1,0,2,0,0,0,0,0,NA,NA,NA,NA,NA,NA,NA,NA,NA,NA,NA,NA,NA,NA,NA,NA,NA,NA,NA,NA,NA,NA,NA,NA,NA,"C"
"269","buterdr01",45,86,6,17,3,0,1,5,0,0,6,24,0,2,5,0,0,NA,NA,NA,NA,NA,NA,NA,NA,NA,NA,NA,NA,NA,NA,NA,NA,NA,NA,NA,NA,NA,NA,NA,NA,NA,"1B"
"270","buterdr01",45,86,6,17,3,0,1,5,0,0,6,24,0,2,5,0,0,NA,NA,NA,NA,NA,NA,NA,NA,NA,NA,NA,NA,NA,NA,NA,NA,NA,NA,NA,NA,NA,NA,NA,NA,NA,"1B"
"271","buterdr01",45,86,6,17,3,0,1,5,0,0,6,24,0,2,5,0,0,NA,NA,NA,NA,NA,NA,NA,NA,NA,NA,NA,NA,NA,NA,NA,NA,NA,NA,NA,NA,NA,NA,NA,NA,NA,"C"
"272","buterdr01",45,86,6,17,3,0,1,5,0,0,6,24,0,2,5,0,0,NA,NA,NA,NA,NA,NA,NA,NA,NA,NA,NA,NA,NA,NA,NA,NA,NA,NA,NA,NA,NA,NA,NA,NA,NA,"C"
"273","cowgico01",55,69,10,13,2,1,1,2,2,1,4,19,0,0,1,0,1,NA,NA,NA,NA,NA,NA,NA,NA,NA,NA,NA,NA,NA,NA,NA,NA,NA,NA,NA,NA,NA,NA,NA,NA,NA,"OF"
"274","freesda01",121,424,53,109,27,0,14,56,1,1,31,107,0,12,0,3,12,NA,NA,NA,NA,NA,NA,NA,NA,NA,NA,NA,NA,NA,NA,NA,NA,NA,NA,NA,NA,NA,NA,NA,NA,NA,"3B"
"275","iannech01",92,272,28,51,10,0,10,34,0,1,41,83,1,1,0,3,11,NA,NA,NA,NA,NA,NA,NA,NA,NA,NA,NA,NA,NA,NA,NA,NA,NA,NA,NA,NA,NA,NA,NA,NA,NA,"1B"
"276","iannech01",92,272,28,51,10,0,10,34,0,1,41,83,1,1,0,3,11,NA,NA,NA,NA,NA,NA,NA,NA,NA,NA,NA,NA,NA,NA,NA,NA,NA,NA,NA,NA,NA,NA,NA,NA,NA,"C"
"277","joycema01",93,247,17,43,12,1,5,21,0,3,30,67,1,4,1,2,5,NA,NA,NA,NA,NA,NA,NA,NA,NA,NA,NA,NA,NA,NA,NA,NA,NA,NA,NA,NA,NA,NA,NA,NA,NA,"OF"
"278","nieuwki01",10,22,4,3,2,0,0,1,0,1,2,9,0,0,0,0,0,NA,NA,NA,NA,NA,NA,NA,NA,NA,NA,NA,NA,NA,NA,NA,NA,NA,NA,NA,NA,NA,NA,NA,NA,NA,"OF"
"279","nieuwki01",10,22,4,3,2,0,0,1,0,1,2,9,0,0,0,0,0,NA,NA,NA,NA,NA,NA,NA,NA,NA,NA,NA,NA,NA,NA,NA,NA,NA,NA,NA,NA,NA,NA,NA,NA,NA,"OF"
"280","nieuwki01",10,22,4,3,2,0,0,1,0,1,2,9,0,0,0,0,0,NA,NA,NA,NA,NA,NA,NA,NA,NA,NA,NA,NA,NA,NA,NA,NA,NA,NA,NA,NA,NA,NA,NA,NA,NA,"OF"
"281","nieuwki01",27,38,3,3,2,0,0,2,2,0,2,17,0,0,0,0,0,NA,NA,NA,NA,NA,NA,NA,NA,NA,NA,NA,NA,NA,NA,NA,NA,NA,NA,NA,NA,NA,NA,NA,NA,NA,"OF"
"282","nieuwki01",27,38,3,3,2,0,0,2,2,0,2,17,0,0,0,0,0,NA,NA,NA,NA,NA,NA,NA,NA,NA,NA,NA,NA,NA,NA,NA,NA,NA,NA,NA,NA,NA,NA,NA,NA,NA,"OF"
"283","nieuwki01",27,38,3,3,2,0,0,2,2,0,2,17,0,0,0,0,0,NA,NA,NA,NA,NA,NA,NA,NA,NA,NA,NA,NA,NA,NA,NA,NA,NA,NA,NA,NA,NA,NA,NA,NA,NA,"OF"
"284","nieuwki01",37,68,14,19,7,0,4,11,0,1,6,23,0,3,0,0,2,NA,NA,NA,NA,NA,NA,NA,NA,NA,NA,NA,NA,NA,NA,NA,NA,NA,NA,NA,NA,NA,NA,NA,NA,NA,"OF"
"285","nieuwki01",37,68,14,19,7,0,4,11,0,1,6,23,0,3,0,0,2,NA,NA,NA,NA,NA,NA,NA,NA,NA,NA,NA,NA,NA,NA,NA,NA,NA,NA,NA,NA,NA,NA,NA,NA,NA,"OF"
"286","nieuwki01",37,68,14,19,7,0,4,11,0,1,6,23,0,3,0,0,2,NA,NA,NA,NA,NA,NA,NA,NA,NA,NA,NA,NA,NA,NA,NA,NA,NA,NA,NA,NA,NA,NA,NA,NA,NA,"OF"
"287","barneda01",2,4,0,0,0,0,0,0,0,0,0,0,0,0,0,0,0,NA,NA,NA,NA,NA,NA,NA,NA,NA,NA,NA,NA,NA,NA,NA,NA,NA,NA,NA,NA,NA,NA,NA,NA,NA,"2B"
"288","barneda01",2,4,0,0,0,0,0,0,0,0,0,0,0,0,0,0,0,NA,NA,NA,NA,NA,NA,NA,NA,NA,NA,NA,NA,NA,NA,NA,NA,NA,NA,NA,NA,NA,NA,NA,NA,NA,"3B"
"289","barneda01",2,4,0,0,0,0,0,0,0,0,0,0,0,0,0,0,0,NA,NA,NA,NA,NA,NA,NA,NA,NA,NA,NA,NA,NA,NA,NA,NA,NA,NA,NA,NA,NA,NA,NA,NA,NA,"SS"
"290","barneda01",15,23,4,7,1,0,2,4,0,0,1,2,0,0,2,0,0,NA,NA,NA,NA,NA,NA,NA,NA,NA,NA,NA,NA,NA,NA,NA,NA,NA,NA,NA,NA,NA,NA,NA,NA,NA,"2B"
"291","barneda01",15,23,4,7,1,0,2,4,0,0,1,2,0,0,2,0,0,NA,NA,NA,NA,NA,NA,NA,NA,NA,NA,NA,NA,NA,NA,NA,NA,NA,NA,NA,NA,NA,NA,NA,NA,NA,"3B"
"292","barneda01",15,23,4,7,1,0,2,4,0,0,1,2,0,0,2,0,0,NA,NA,NA,NA,NA,NA,NA,NA,NA,NA,NA,NA,NA,NA,NA,NA,NA,NA,NA,NA,NA,NA,NA,NA,NA,"SS"
"294","heisech01",33,55,8,10,2,0,2,9,0,1,15,17,2,0,0,2,1,NA,NA,NA,NA,NA,NA,NA,NA,NA,NA,NA,NA,NA,NA,NA,NA,NA,NA,NA,NA,NA,NA,NA,NA,NA,"OF"
"298","rolliji01",144,517,71,116,24,3,13,41,12,8,44,86,0,0,1,1,12,NA,NA,NA,NA,NA,NA,NA,NA,NA,NA,NA,NA,NA,NA,NA,NA,NA,NA,NA,NA,NA,NA,NA,NA,NA,"SS"
"299","uribeju01",29,81,6,20,2,0,1,6,1,0,5,9,0,0,0,1,5,NA,NA,NA,NA,NA,NA,NA,NA,NA,NA,NA,NA,NA,NA,NA,NA,NA,NA,NA,NA,NA,NA,NA,NA,NA,"2B"
"300","uribeju01",29,81,6,20,2,0,1,6,1,0,5,9,0,0,0,1,5,NA,NA,NA,NA,NA,NA,NA,NA,NA,NA,NA,NA,NA,NA,NA,NA,NA,NA,NA,NA,NA,NA,NA,NA,NA,"2B"
"301","uribeju01",29,81,6,20,2,0,1,6,1,0,5,9,0,0,0,1,5,NA,NA,NA,NA,NA,NA,NA,NA,NA,NA,NA,NA,NA,NA,NA,NA,NA,NA,NA,NA,NA,NA,NA,NA,NA,"3B"
"302","uribeju01",29,81,6,20,2,0,1,6,1,0,5,9,0,0,0,1,5,NA,NA,NA,NA,NA,NA,NA,NA,NA,NA,NA,NA,NA,NA,NA,NA,NA,NA,NA,NA,NA,NA,NA,NA,NA,"3B"
"303","uribeju01",29,81,6,20,2,0,1,6,1,0,5,9,0,0,0,1,5,NA,NA,NA,NA,NA,NA,NA,NA,NA,NA,NA,NA,NA,NA,NA,NA,NA,NA,NA,NA,NA,NA,NA,NA,NA,"3B"
"304","uribeju01",44,128,17,28,9,0,6,20,0,0,14,34,1,1,0,0,2,NA,NA,NA,NA,NA,NA,NA,NA,NA,NA,NA,NA,NA,NA,NA,NA,NA,NA,NA,NA,NA,NA,NA,NA,NA,"2B"
"305","uribeju01",44,128,17,28,9,0,6,20,0,0,14,34,1,1,0,0,2,NA,NA,NA,NA,NA,NA,NA,NA,NA,NA,NA,NA,NA,NA,NA,NA,NA,NA,NA,NA,NA,NA,NA,NA,NA,"2B"
"306","uribeju01",44,128,17,28,9,0,6,20,0,0,14,34,1,1,0,0,2,NA,NA,NA,NA,NA,NA,NA,NA,NA,NA,NA,NA,NA,NA,NA,NA,NA,NA,NA,NA,NA,NA,NA,NA,NA,"3B"
"307","uribeju01",44,128,17,28,9,0,6,20,0,0,14,34,1,1,0,0,2,NA,NA,NA,NA,NA,NA,NA,NA,NA,NA,NA,NA,NA,NA,NA,NA,NA,NA,NA,NA,NA,NA,NA,NA,NA,"3B"
"308","uribeju01",44,128,17,28,9,0,6,20,0,0,14,34,1,1,0,0,2,NA,NA,NA,NA,NA,NA,NA,NA,NA,NA,NA,NA,NA,NA,NA,NA,NA,NA,NA,NA,NA,NA,NA,NA,NA,"3B"
"309","uribeju01",46,151,17,43,6,0,7,17,1,0,15,37,2,1,0,0,5,NA,NA,NA,NA,NA,NA,NA,NA,NA,NA,NA,NA,NA,NA,NA,NA,NA,NA,NA,NA,NA,NA,NA,NA,NA,"2B"
"310","uribeju01",46,151,17,43,6,0,7,17,1,0,15,37,2,1,0,0,5,NA,NA,NA,NA,NA,NA,NA,NA,NA,NA,NA,NA,NA,NA,NA,NA,NA,NA,NA,NA,NA,NA,NA,NA,NA,"2B"
"311","uribeju01",46,151,17,43,6,0,7,17,1,0,15,37,2,1,0,0,5,NA,NA,NA,NA,NA,NA,NA,NA,NA,NA,NA,NA,NA,NA,NA,NA,NA,NA,NA,NA,NA,NA,NA,NA,NA,"3B"
"312","uribeju01",46,151,17,43,6,0,7,17,1,0,15,37,2,1,0,0,5,NA,NA,NA,NA,NA,NA,NA,NA,NA,NA,NA,NA,NA,NA,NA,NA,NA,NA,NA,NA,NA,NA,NA,NA,NA,"3B"
"313","uribeju01",46,151,17,43,6,0,7,17,1,0,15,37,2,1,0,0,5,NA,NA,NA,NA,NA,NA,NA,NA,NA,NA,NA,NA,NA,NA,NA,NA,NA,NA,NA,NA,NA,NA,NA,NA,NA,"3B"
"339","daviskh01",121,392,54,97,16,2,27,66,6,2,44,122,1,1,0,3,9,NA,NA,NA,NA,NA,NA,NA,NA,NA,NA,NA,NA,NA,NA,NA,NA,NA,NA,NA,NA,NA,NA,NA,NA,NA,"OF"
"348","gomezca01",41,149,19,36,9,0,4,13,10,3,8,31,1,2,3,1,1,NA,NA,NA,NA,NA,NA,NA,NA,NA,NA,NA,NA,NA,NA,NA,NA,NA,NA,NA,NA,NA,NA,NA,NA,NA,"2B"
"349","gomezca01",41,149,19,36,9,0,4,13,10,3,8,31,1,2,3,1,1,NA,NA,NA,NA,NA,NA,NA,NA,NA,NA,NA,NA,NA,NA,NA,NA,NA,NA,NA,NA,NA,NA,NA,NA,NA,"OF"
"350","gomezca01",41,149,19,36,9,0,4,13,10,3,8,31,1,2,3,1,1,NA,NA,NA,NA,NA,NA,NA,NA,NA,NA,NA,NA,NA,NA,NA,NA,NA,NA,NA,NA,NA,NA,NA,NA,NA,"OF"
"351","gomezca01",74,286,42,75,20,1,8,43,7,6,23,70,0,5,0,0,4,NA,NA,NA,NA,NA,NA,NA,NA,NA,NA,NA,NA,NA,NA,NA,NA,NA,NA,NA,NA,NA,NA,NA,NA,NA,"2B"
"352","gomezca01",74,286,42,75,20,1,8,43,7,6,23,70,0,5,0,0,4,NA,NA,NA,NA,NA,NA,NA,NA,NA,NA,NA,NA,NA,NA,NA,NA,NA,NA,NA,NA,NA,NA,NA,NA,NA,"OF"
"353","gomezca01",74,286,42,75,20,1,8,43,7,6,23,70,0,5,0,0,4,NA,NA,NA,NA,NA,NA,NA,NA,NA,NA,NA,NA,NA,NA,NA,NA,NA,NA,NA,NA,NA,NA,NA,NA,NA,"OF"
"354","lindad01",149,502,72,139,32,0,20,87,0,0,66,100,11,1,0,3,7,NA,NA,NA,NA,NA,NA,NA,NA,NA,NA,NA,NA,NA,NA,NA,NA,NA,NA,NA,NA,NA,NA,NA,NA,NA,"1B"
"355","parrage01",55,224,30,53,12,0,5,20,5,1,8,35,1,2,3,1,1,NA,NA,NA,NA,NA,NA,NA,NA,NA,NA,NA,NA,NA,NA,NA,NA,NA,NA,NA,NA,NA,NA,NA,NA,NA,"OF"
"356","parrage01",55,224,30,53,12,0,5,20,5,1,8,35,1,2,3,1,1,NA,NA,NA,NA,NA,NA,NA,NA,NA,NA,NA,NA,NA,NA,NA,NA,NA,NA,NA,NA,NA,NA,NA,NA,NA,"OF"
"357","parrage01",100,323,53,106,24,5,9,31,9,3,20,57,2,3,1,4,7,NA,NA,NA,NA,NA,NA,NA,NA,NA,NA,NA,NA,NA,NA,NA,NA,NA,NA,NA,NA,NA,NA,NA,NA,NA,"OF"
"358","parrage01",100,323,53,106,24,5,9,31,9,3,20,57,2,3,1,4,7,NA,NA,NA,NA,NA,NA,NA,NA,NA,NA,NA,NA,NA,NA,NA,NA,NA,NA,NA,NA,NA,NA,NA,NA,NA,"OF"
"360","segurje01",142,560,57,144,16,5,6,50,25,6,13,93,2,6,3,2,14,NA,NA,NA,NA,NA,NA,NA,NA,NA,NA,NA,NA,NA,NA,NA,NA,NA,NA,NA,NA,NA,NA,NA,NA,NA,"SS"
"362","herrmch01",45,103,13,15,5,1,2,10,0,0,7,37,0,2,1,0,1,NA,NA,NA,NA,NA,NA,NA,NA,NA,NA,NA,NA,NA,NA,NA,NA,NA,NA,NA,NA,NA,NA,NA,NA,NA,"1B"
"363","herrmch01",45,103,13,15,5,1,2,10,0,0,7,37,0,2,1,0,1,NA,NA,NA,NA,NA,NA,NA,NA,NA,NA,NA,NA,NA,NA,NA,NA,NA,NA,NA,NA,NA,NA,NA,NA,NA,"C"
"364","herrmch01",45,103,13,15,5,1,2,10,0,0,7,37,0,2,1,0,1,NA,NA,NA,NA,NA,NA,NA,NA,NA,NA,NA,NA,NA,NA,NA,NA,NA,NA,NA,NA,NA,NA,NA,NA,NA,"OF"
"367","drewst01",131,383,43,77,16,1,17,44,0,2,37,71,1,1,4,3,7,NA,NA,NA,NA,NA,NA,NA,NA,NA,NA,NA,NA,NA,NA,NA,NA,NA,NA,NA,NA,NA,NA,NA,NA,NA,"2B"
"368","drewst01",131,383,43,77,16,1,17,44,0,2,37,71,1,1,4,3,7,NA,NA,NA,NA,NA,NA,NA,NA,NA,NA,NA,NA,NA,NA,NA,NA,NA,NA,NA,NA,NA,NA,NA,NA,NA,"3B"
"369","drewst01",131,383,43,77,16,1,17,44,0,2,37,71,1,1,4,3,7,NA,NA,NA,NA,NA,NA,NA,NA,NA,NA,NA,NA,NA,NA,NA,NA,NA,NA,NA,NA,NA,NA,NA,NA,NA,"SS"
"370","murphjr01",67,155,21,43,9,1,3,14,0,0,12,43,0,1,1,3,4,NA,NA,NA,NA,NA,NA,NA,NA,NA,NA,NA,NA,NA,NA,NA,NA,NA,NA,NA,NA,NA,NA,NA,NA,NA,"C"
"373","youngch04",140,318,53,80,20,1,14,42,3,1,30,73,2,3,3,2,6,NA,NA,NA,NA,NA,NA,NA,NA,NA,NA,NA,NA,NA,NA,NA,NA,NA,NA,NA,NA,NA,NA,NA,NA,NA,"OF"
"375","murphda08",130,499,56,140,38,2,14,73,2,2,31,38,10,2,0,6,15,NA,NA,NA,NA,NA,NA,NA,NA,NA,NA,NA,NA,NA,NA,NA,NA,NA,NA,NA,NA,NA,NA,NA,NA,NA,"1B"
"376","murphda08",130,499,56,140,38,2,14,73,2,2,31,38,10,2,0,6,15,NA,NA,NA,NA,NA,NA,NA,NA,NA,NA,NA,NA,NA,NA,NA,NA,NA,NA,NA,NA,NA,NA,NA,NA,NA,"2B"
"377","murphda08",130,499,56,140,38,2,14,73,2,2,31,38,10,2,0,6,15,NA,NA,NA,NA,NA,NA,NA,NA,NA,NA,NA,NA,NA,NA,NA,NA,NA,NA,NA,NA,NA,NA,NA,NA,NA,"3B"
"379","tejadru01",116,360,36,94,23,0,3,28,2,1,38,70,5,5,2,2,6,NA,NA,NA,NA,NA,NA,NA,NA,NA,NA,NA,NA,NA,NA,NA,NA,NA,NA,NA,NA,NA,NA,NA,NA,NA,"2B"
"380","tejadru01",116,360,36,94,23,0,3,28,2,1,38,70,5,5,2,2,6,NA,NA,NA,NA,NA,NA,NA,NA,NA,NA,NA,NA,NA,NA,NA,NA,NA,NA,NA,NA,NA,NA,NA,NA,NA,"3B"
"381","tejadru01",116,360,36,94,23,0,3,28,2,1,38,70,5,5,2,2,6,NA,NA,NA,NA,NA,NA,NA,NA,NA,NA,NA,NA,NA,NA,NA,NA,NA,NA,NA,NA,NA,NA,NA,NA,NA,"SS"
"401","gentrcr01",26,50,6,6,0,2,0,3,1,1,4,15,0,1,0,1,0,NA,NA,NA,NA,NA,NA,NA,NA,NA,NA,NA,NA,NA,NA,NA,NA,NA,NA,NA,NA,NA,NA,NA,NA,NA,"OF"
"410","lawribr01",149,562,64,146,29,3,16,60,5,2,28,144,1,5,3,4,8,NA,NA,NA,NA,NA,NA,NA,NA,NA,NA,NA,NA,NA,NA,NA,NA,NA,NA,NA,NA,NA,NA,NA,NA,NA,"2B"
"411","lawribr01",149,562,64,146,29,3,16,60,5,2,28,144,1,5,3,4,8,NA,NA,NA,NA,NA,NA,NA,NA,NA,NA,NA,NA,NA,NA,NA,NA,NA,NA,NA,NA,NA,NA,NA,NA,NA,"3B"
"423","zobribe01",59,232,37,66,16,1,7,23,2,3,29,30,1,1,0,2,3,NA,NA,NA,NA,NA,NA,NA,NA,NA,NA,NA,NA,NA,NA,NA,NA,NA,NA,NA,NA,NA,NA,NA,NA,NA,"2B"
"424","zobribe01",59,232,37,66,16,1,7,23,2,3,29,30,1,1,0,2,3,NA,NA,NA,NA,NA,NA,NA,NA,NA,NA,NA,NA,NA,NA,NA,NA,NA,NA,NA,NA,NA,NA,NA,NA,NA,"2B"
"425","zobribe01",59,232,37,66,16,1,7,23,2,3,29,30,1,1,0,2,3,NA,NA,NA,NA,NA,NA,NA,NA,NA,NA,NA,NA,NA,NA,NA,NA,NA,NA,NA,NA,NA,NA,NA,NA,NA,"3B"
"426","zobribe01",59,232,37,66,16,1,7,23,2,3,29,30,1,1,0,2,3,NA,NA,NA,NA,NA,NA,NA,NA,NA,NA,NA,NA,NA,NA,NA,NA,NA,NA,NA,NA,NA,NA,NA,NA,NA,"OF"
"427","zobribe01",59,232,37,66,16,1,7,23,2,3,29,30,1,1,0,2,3,NA,NA,NA,NA,NA,NA,NA,NA,NA,NA,NA,NA,NA,NA,NA,NA,NA,NA,NA,NA,NA,NA,NA,NA,NA,"OF"
"428","zobribe01",67,235,39,63,20,2,6,33,1,1,33,26,2,0,0,3,5,NA,NA,NA,NA,NA,NA,NA,NA,NA,NA,NA,NA,NA,NA,NA,NA,NA,NA,NA,NA,NA,NA,NA,NA,NA,"2B"
"429","zobribe01",67,235,39,63,20,2,6,33,1,1,33,26,2,0,0,3,5,NA,NA,NA,NA,NA,NA,NA,NA,NA,NA,NA,NA,NA,NA,NA,NA,NA,NA,NA,NA,NA,NA,NA,NA,NA,"2B"
"430","zobribe01",67,235,39,63,20,2,6,33,1,1,33,26,2,0,0,3,5,NA,NA,NA,NA,NA,NA,NA,NA,NA,NA,NA,NA,NA,NA,NA,NA,NA,NA,NA,NA,NA,NA,NA,NA,NA,"3B"
"431","zobribe01",67,235,39,63,20,2,6,33,1,1,33,26,2,0,0,3,5,NA,NA,NA,NA,NA,NA,NA,NA,NA,NA,NA,NA,NA,NA,NA,NA,NA,NA,NA,NA,NA,NA,NA,NA,NA,"OF"
"432","zobribe01",67,235,39,63,20,2,6,33,1,1,33,26,2,0,0,3,5,NA,NA,NA,NA,NA,NA,NA,NA,NA,NA,NA,NA,NA,NA,NA,NA,NA,NA,NA,NA,NA,NA,NA,NA,NA,"OF"
"461","reverbe01",56,226,35,72,9,1,1,19,7,2,13,28,0,1,3,3,1,NA,NA,NA,NA,NA,NA,NA,NA,NA,NA,NA,NA,NA,NA,NA,NA,NA,NA,NA,NA,NA,NA,NA,NA,NA,"OF"
"462","reverbe01",56,226,35,72,9,1,1,19,7,2,13,28,0,1,3,3,1,NA,NA,NA,NA,NA,NA,NA,NA,NA,NA,NA,NA,NA,NA,NA,NA,NA,NA,NA,NA,NA,NA,NA,NA,NA,"OF"
"463","reverbe01",96,366,49,109,13,6,1,26,24,5,19,36,0,1,2,0,4,NA,NA,NA,NA,NA,NA,NA,NA,NA,NA,NA,NA,NA,NA,NA,NA,NA,NA,NA,NA,NA,NA,NA,NA,NA,"OF"
"464","reverbe01",96,366,49,109,13,6,1,26,24,5,19,36,0,1,2,0,4,NA,NA,NA,NA,NA,NA,NA,NA,NA,NA,NA,NA,NA,NA,NA,NA,NA,NA,NA,NA,NA,NA,NA,NA,NA,"OF"
"465","utleych01",34,124,14,25,9,1,3,9,1,0,10,29,0,6,0,1,1,NA,NA,NA,NA,NA,NA,NA,NA,NA,NA,NA,NA,NA,NA,NA,NA,NA,NA,NA,NA,NA,NA,NA,NA,NA,"1B"
"466","utleych01",34,124,14,25,9,1,3,9,1,0,10,29,0,6,0,1,1,NA,NA,NA,NA,NA,NA,NA,NA,NA,NA,NA,NA,NA,NA,NA,NA,NA,NA,NA,NA,NA,NA,NA,NA,NA,"1B"
"467","utleych01",34,124,14,25,9,1,3,9,1,0,10,29,0,6,0,1,1,NA,NA,NA,NA,NA,NA,NA,NA,NA,NA,NA,NA,NA,NA,NA,NA,NA,NA,NA,NA,NA,NA,NA,NA,NA,"2B"
"468","utleych01",34,124,14,25,9,1,3,9,1,0,10,29,0,6,0,1,1,NA,NA,NA,NA,NA,NA,NA,NA,NA,NA,NA,NA,NA,NA,NA,NA,NA,NA,NA,NA,NA,NA,NA,NA,NA,"2B"
"469","utleych01",34,124,14,25,9,1,3,9,1,0,10,29,0,6,0,1,1,NA,NA,NA,NA,NA,NA,NA,NA,NA,NA,NA,NA,NA,NA,NA,NA,NA,NA,NA,NA,NA,NA,NA,NA,NA,"3B"
"470","utleych01",73,249,23,54,12,1,5,30,3,0,22,35,4,4,0,7,6,NA,NA,NA,NA,NA,NA,NA,NA,NA,NA,NA,NA,NA,NA,NA,NA,NA,NA,NA,NA,NA,NA,NA,NA,NA,"1B"
"471","utleych01",73,249,23,54,12,1,5,30,3,0,22,35,4,4,0,7,6,NA,NA,NA,NA,NA,NA,NA,NA,NA,NA,NA,NA,NA,NA,NA,NA,NA,NA,NA,NA,NA,NA,NA,NA,NA,"1B"
"472","utleych01",73,249,23,54,12,1,5,30,3,0,22,35,4,4,0,7,6,NA,NA,NA,NA,NA,NA,NA,NA,NA,NA,NA,NA,NA,NA,NA,NA,NA,NA,NA,NA,NA,NA,NA,NA,NA,"2B"
"473","utleych01",73,249,23,54,12,1,5,30,3,0,22,35,4,4,0,7,6,NA,NA,NA,NA,NA,NA,NA,NA,NA,NA,NA,NA,NA,NA,NA,NA,NA,NA,NA,NA,NA,NA,NA,NA,NA,"2B"
"474","utleych01",73,249,23,54,12,1,5,30,3,0,22,35,4,4,0,7,6,NA,NA,NA,NA,NA,NA,NA,NA,NA,NA,NA,NA,NA,NA,NA,NA,NA,NA,NA,NA,NA,NA,NA,NA,NA,"3B"
"475","alvarpe01",150,437,60,106,18,0,27,77,2,0,48,131,9,2,0,4,6,NA,NA,NA,NA,NA,NA,NA,NA,NA,NA,NA,NA,NA,NA,NA,NA,NA,NA,NA,NA,NA,NA,NA,NA,NA,"1B"
"477","lamboan01",20,25,1,1,1,0,0,0,0,0,2,8,0,0,0,0,0,NA,NA,NA,NA,NA,NA,NA,NA,NA,NA,NA,NA,NA,NA,NA,NA,NA,NA,NA,NA,NA,NA,NA,NA,NA,"OF"
"479","walkene01",151,543,69,146,32,3,16,71,4,1,44,110,5,8,0,8,9,NA,NA,NA,NA,NA,NA,NA,NA,NA,NA,NA,NA,NA,NA,NA,NA,NA,NA,NA,NA,NA,NA,NA,NA,NA,"2B"
"481","alonsyo01",103,354,50,100,18,1,5,31,2,5,42,48,3,3,0,3,13,NA,NA,NA,NA,NA,NA,NA,NA,NA,NA,NA,NA,NA,NA,NA,NA,NA,NA,NA,NA,NA,NA,NA,NA,NA,"1B"
"482","alonsyo01",103,354,50,100,18,1,5,31,2,5,42,48,3,3,0,3,13,NA,NA,NA,NA,NA,NA,NA,NA,NA,NA,NA,NA,NA,NA,NA,NA,NA,NA,NA,NA,NA,NA,NA,NA,NA,"3B"
"484","gyorkje01",128,421,34,104,15,0,16,57,0,1,27,107,1,5,0,5,13,NA,NA,NA,NA,NA,NA,NA,NA,NA,NA,NA,NA,NA,NA,NA,NA,NA,NA,NA,NA,NA,NA,NA,NA,NA,"1B"
"485","gyorkje01",128,421,34,104,15,0,16,57,0,1,27,107,1,5,0,5,13,NA,NA,NA,NA,NA,NA,NA,NA,NA,NA,NA,NA,NA,NA,NA,NA,NA,NA,NA,NA,NA,NA,NA,NA,NA,"2B"
"486","gyorkje01",128,421,34,104,15,0,16,57,0,1,27,107,1,5,0,5,13,NA,NA,NA,NA,NA,NA,NA,NA,NA,NA,NA,NA,NA,NA,NA,NA,NA,NA,NA,NA,NA,NA,NA,NA,NA,"SS"
"490","uptonju01",150,542,85,136,26,3,26,81,19,5,68,159,5,4,0,5,10,NA,NA,NA,NA,NA,NA,NA,NA,NA,NA,NA,NA,NA,NA,NA,NA,NA,NA,NA,NA,NA,NA,NA,NA,NA,"OF"
"492","ackledu01",23,52,6,15,3,2,4,11,0,0,4,7,0,0,0,1,0,NA,NA,NA,NA,NA,NA,NA,NA,NA,NA,NA,NA,NA,NA,NA,NA,NA,NA,NA,NA,NA,NA,NA,NA,NA,"1B"
"493","ackledu01",23,52,6,15,3,2,4,11,0,0,4,7,0,0,0,1,0,NA,NA,NA,NA,NA,NA,NA,NA,NA,NA,NA,NA,NA,NA,NA,NA,NA,NA,NA,NA,NA,NA,NA,NA,NA,"2B"
"494","ackledu01",23,52,6,15,3,2,4,11,0,0,4,7,0,0,0,1,0,NA,NA,NA,NA,NA,NA,NA,NA,NA,NA,NA,NA,NA,NA,NA,NA,NA,NA,NA,NA,NA,NA,NA,NA,NA,"2B"
"495","ackledu01",23,52,6,15,3,2,4,11,0,0,4,7,0,0,0,1,0,NA,NA,NA,NA,NA,NA,NA,NA,NA,NA,NA,NA,NA,NA,NA,NA,NA,NA,NA,NA,NA,NA,NA,NA,NA,"OF"
"496","ackledu01",23,52,6,15,3,2,4,11,0,0,4,7,0,0,0,1,0,NA,NA,NA,NA,NA,NA,NA,NA,NA,NA,NA,NA,NA,NA,NA,NA,NA,NA,NA,NA,NA,NA,NA,NA,NA,"OF"
"497","ackledu01",85,186,22,40,8,1,6,19,2,2,14,38,0,1,3,3,3,NA,NA,NA,NA,NA,NA,NA,NA,NA,NA,NA,NA,NA,NA,NA,NA,NA,NA,NA,NA,NA,NA,NA,NA,NA,"1B"
"498","ackledu01",85,186,22,40,8,1,6,19,2,2,14,38,0,1,3,3,3,NA,NA,NA,NA,NA,NA,NA,NA,NA,NA,NA,NA,NA,NA,NA,NA,NA,NA,NA,NA,NA,NA,NA,NA,NA,"2B"
"499","ackledu01",85,186,22,40,8,1,6,19,2,2,14,38,0,1,3,3,3,NA,NA,NA,NA,NA,NA,NA,NA,NA,NA,NA,NA,NA,NA,NA,NA,NA,NA,NA,NA,NA,NA,NA,NA,NA,"2B"
"500","ackledu01",85,186,22,40,8,1,6,19,2,2,14,38,0,1,3,3,3,NA,NA,NA,NA,NA,NA,NA,NA,NA,NA,NA,NA,NA,NA,NA,NA,NA,NA,NA,NA,NA,NA,NA,NA,NA,"OF"
"501","ackledu01",85,186,22,40,8,1,6,19,2,2,14,38,0,1,3,3,3,NA,NA,NA,NA,NA,NA,NA,NA,NA,NA,NA,NA,NA,NA,NA,NA,NA,NA,NA,NA,NA,NA,NA,NA,NA,"OF"
"511","jacksau01",29,72,10,17,7,0,1,10,2,1,5,19,0,2,0,0,1,NA,NA,NA,NA,NA,NA,NA,NA,NA,NA,NA,NA,NA,NA,NA,NA,NA,NA,NA,NA,NA,NA,NA,NA,NA,"OF"
"512","jacksau01",29,72,10,17,7,0,1,10,2,1,5,19,0,2,0,0,1,NA,NA,NA,NA,NA,NA,NA,NA,NA,NA,NA,NA,NA,NA,NA,NA,NA,NA,NA,NA,NA,NA,NA,NA,NA,"OF"
"513","jacksau01",107,419,46,114,18,3,8,38,15,9,24,107,0,1,3,1,4,NA,NA,NA,NA,NA,NA,NA,NA,NA,NA,NA,NA,NA,NA,NA,NA,NA,NA,NA,NA,NA,NA,NA,NA,NA,"OF"
"514","jacksau01",107,419,46,114,18,3,8,38,15,9,24,107,0,1,3,1,4,NA,NA,NA,NA,NA,NA,NA,NA,NA,NA,NA,NA,NA,NA,NA,NA,NA,NA,NA,NA,NA,NA,NA,NA,NA,"OF"
"515","millebr02",144,438,44,113,22,4,11,46,13,4,47,101,0,2,4,6,7,NA,NA,NA,NA,NA,NA,NA,NA,NA,NA,NA,NA,NA,NA,NA,NA,NA,NA,NA,NA,NA,NA,NA,NA,NA,"2B"
"516","millebr02",144,438,44,113,22,4,11,46,13,4,47,101,0,2,4,6,7,NA,NA,NA,NA,NA,NA,NA,NA,NA,NA,NA,NA,NA,NA,NA,NA,NA,NA,NA,NA,NA,NA,NA,NA,NA,"3B"
"517","millebr02",144,438,44,113,22,4,11,46,13,4,47,101,0,2,4,6,7,NA,NA,NA,NA,NA,NA,NA,NA,NA,NA,NA,NA,NA,NA,NA,NA,NA,NA,NA,NA,NA,NA,NA,NA,NA,"OF"
"518","millebr02",144,438,44,113,22,4,11,46,13,4,47,101,0,2,4,6,7,NA,NA,NA,NA,NA,NA,NA,NA,NA,NA,NA,NA,NA,NA,NA,NA,NA,NA,NA,NA,NA,NA,NA,NA,NA,"SS"
"519","morrilo01",146,457,47,103,15,3,17,54,8,4,47,81,5,4,1,2,7,NA,NA,NA,NA,NA,NA,NA,NA,NA,NA,NA,NA,NA,NA,NA,NA,NA,NA,NA,NA,NA,NA,NA,NA,NA,"1B"
"520","morrilo01",146,457,47,103,15,3,17,54,8,4,47,81,5,4,1,2,7,NA,NA,NA,NA,NA,NA,NA,NA,NA,NA,NA,NA,NA,NA,NA,NA,NA,NA,NA,NA,NA,NA,NA,NA,NA,"OF"
"529","ruggiju01",21,55,12,16,4,1,4,12,2,0,3,14,0,2,0,0,1,NA,NA,NA,NA,NA,NA,NA,NA,NA,NA,NA,NA,NA,NA,NA,NA,NA,NA,NA,NA,NA,NA,NA,NA,NA,"OF"
"530","ruggiju01",21,55,12,16,4,1,4,12,2,0,3,14,0,2,0,0,1,NA,NA,NA,NA,NA,NA,NA,NA,NA,NA,NA,NA,NA,NA,NA,NA,NA,NA,NA,NA,NA,NA,NA,NA,NA,"OF"
"531","ruggiju01",36,70,8,15,4,0,2,3,3,2,11,27,0,0,0,0,0,NA,NA,NA,NA,NA,NA,NA,NA,NA,NA,NA,NA,NA,NA,NA,NA,NA,NA,NA,NA,NA,NA,NA,NA,NA,"OF"
"532","ruggiju01",36,70,8,15,4,0,2,3,3,2,11,27,0,0,0,0,0,NA,NA,NA,NA,NA,NA,NA,NA,NA,NA,NA,NA,NA,NA,NA,NA,NA,NA,NA,NA,NA,NA,NA,NA,NA,"OF"
"533","weeksri01",37,84,7,14,1,0,2,9,0,0,9,25,0,2,0,0,3,NA,NA,NA,NA,NA,NA,NA,NA,NA,NA,NA,NA,NA,NA,NA,NA,NA,NA,NA,NA,NA,NA,NA,NA,NA,"OF"
"535","aokino01",93,355,42,102,12,3,5,26,14,5,30,25,0,6,1,0,8,NA,NA,NA,NA,NA,NA,NA,NA,NA,NA,NA,NA,NA,NA,NA,NA,NA,NA,NA,NA,NA,NA,NA,NA,NA,"OF"
"536","duffyma01",149,573,77,169,28,6,12,77,12,0,30,96,0,5,2,2,22,NA,NA,NA,NA,NA,NA,NA,NA,NA,NA,NA,NA,NA,NA,NA,NA,NA,NA,NA,NA,NA,NA,NA,NA,NA,"1B"
"537","duffyma01",149,573,77,169,28,6,12,77,12,0,30,96,0,5,2,2,22,NA,NA,NA,NA,NA,NA,NA,NA,NA,NA,NA,NA,NA,NA,NA,NA,NA,NA,NA,NA,NA,NA,NA,NA,NA,"2B"
"538","duffyma01",149,573,77,169,28,6,12,77,12,0,30,96,0,5,2,2,22,NA,NA,NA,NA,NA,NA,NA,NA,NA,NA,NA,NA,NA,NA,NA,NA,NA,NA,NA,NA,NA,NA,NA,NA,NA,"3B"
"539","duffyma01",149,573,77,169,28,6,12,77,12,0,30,96,0,5,2,2,22,NA,NA,NA,NA,NA,NA,NA,NA,NA,NA,NA,NA,NA,NA,NA,NA,NA,NA,NA,NA,NA,NA,NA,NA,NA,"SS"
"543","bourjpe01",117,195,32,39,8,3,4,13,5,8,19,59,4,6,4,1,2,NA,NA,NA,NA,NA,NA,NA,NA,NA,NA,NA,NA,NA,NA,NA,NA,NA,NA,NA,NA,NA,NA,NA,NA,NA,"OF"
"544","heywaja01",154,547,79,160,33,4,13,60,23,3,56,90,4,2,0,3,13,NA,NA,NA,NA,NA,NA,NA,NA,NA,NA,NA,NA,NA,NA,NA,NA,NA,NA,NA,NA,NA,NA,NA,NA,NA,"OF"
"545","jayjo02",79,210,25,44,5,1,1,10,0,2,19,36,5,11,3,2,7,NA,NA,NA,NA,NA,NA,NA,NA,NA,NA,NA,NA,NA,NA,NA,NA,NA,NA,NA,NA,NA,NA,NA,NA,NA,"OF"
"547","reynoma01",140,382,35,88,21,2,13,48,2,3,44,121,2,4,0,2,10,NA,NA,NA,NA,NA,NA,NA,NA,NA,NA,NA,NA,NA,NA,NA,NA,NA,NA,NA,NA,NA,NA,NA,NA,NA,"1B"
"548","reynoma01",140,382,35,88,21,2,13,48,2,3,44,121,2,4,0,2,10,NA,NA,NA,NA,NA,NA,NA,NA,NA,NA,NA,NA,NA,NA,NA,NA,NA,NA,NA,NA,NA,NA,NA,NA,NA,"2B"
"549","reynoma01",140,382,35,88,21,2,13,48,2,3,44,121,2,4,0,2,10,NA,NA,NA,NA,NA,NA,NA,NA,NA,NA,NA,NA,NA,NA,NA,NA,NA,NA,NA,NA,NA,NA,NA,NA,NA,"3B"
"550","reynoma01",140,382,35,88,21,2,13,48,2,3,44,121,2,4,0,2,10,NA,NA,NA,NA,NA,NA,NA,NA,NA,NA,NA,NA,NA,NA,NA,NA,NA,NA,NA,NA,NA,NA,NA,NA,NA,"OF"
"552","cabreas01",143,505,66,134,28,5,15,58,6,3,36,107,4,3,1,6,14,NA,NA,NA,NA,NA,NA,NA,NA,NA,NA,NA,NA,NA,NA,NA,NA,NA,NA,NA,NA,NA,NA,NA,NA,NA,"SS"
"553","jasojo01",70,185,23,53,17,0,5,22,1,2,28,39,1,1,0,2,5,NA,NA,NA,NA,NA,NA,NA,NA,NA,NA,NA,NA,NA,NA,NA,NA,NA,NA,NA,NA,NA,NA,NA,NA,NA,"OF"
"590","martile01",95,288,26,63,12,0,5,25,14,5,16,69,1,2,3,1,5,NA,NA,NA,NA,NA,NA,NA,NA,NA,NA,NA,NA,NA,NA,NA,NA,NA,NA,NA,NA,NA,NA,NA,NA,NA,"OF"
"597","navardi01",54,171,17,42,7,0,5,20,0,0,17,29,1,0,0,4,0,NA,NA,NA,NA,NA,NA,NA,NA,NA,NA,NA,NA,NA,NA,NA,NA,NA,NA,NA,NA,NA,NA,NA,NA,NA,"C"
"606","reyesjo01",47,193,21,50,8,2,3,19,8,4,9,24,0,0,5,1,3,NA,NA,NA,NA,NA,NA,NA,NA,NA,NA,NA,NA,NA,NA,NA,NA,NA,NA,NA,NA,NA,NA,NA,NA,NA,"SS"
"607","reyesjo01",47,193,21,50,8,2,3,19,8,4,9,24,0,0,5,1,3,NA,NA,NA,NA,NA,NA,NA,NA,NA,NA,NA,NA,NA,NA,NA,NA,NA,NA,NA,NA,NA,NA,NA,NA,NA,"SS"
"608","reyesjo01",69,288,36,82,17,0,4,34,16,2,17,38,0,0,4,2,3,NA,NA,NA,NA,NA,NA,NA,NA,NA,NA,NA,NA,NA,NA,NA,NA,NA,NA,NA,NA,NA,NA,NA,NA,NA,"SS"
"609","reyesjo01",69,288,36,82,17,0,4,34,16,2,17,38,0,0,4,2,3,NA,NA,NA,NA,NA,NA,NA,NA,NA,NA,NA,NA,NA,NA,NA,NA,NA,NA,NA,NA,NA,NA,NA,NA,NA,"SS"
"618","desmoia01",156,583,69,136,27,2,19,62,13,5,45,187,0,3,6,4,9,NA,NA,NA,NA,NA,NA,NA,NA,NA,NA,NA,NA,NA,NA,NA,NA,NA,NA,NA,NA,NA,NA,NA,NA,NA,"SS"
"619","escobyu01",139,535,75,168,25,1,9,56,2,2,45,70,0,8,1,2,24,NA,NA,NA,NA,NA,NA,NA,NA,NA,NA,NA,NA,NA,NA,NA,NA,NA,NA,NA,NA,NA,NA,NA,NA,NA,"3B"
"621","spande01",61,246,38,74,17,0,5,22,11,0,25,26,0,1,1,2,5,NA,NA,NA,NA,NA,NA,NA,NA,NA,NA,NA,NA,NA,NA,NA,NA,NA,NA,NA,NA,NA,NA,NA,NA,NA,"OF"
